T:/werth/Messe/haende/small/DSC_5595.JPG,1
T:/werth/Messe/haende/small/DSC_5596.JPG,1
T:/werth/Messe/haende/small/DSC_5598.JPG,1
T:/werth/Messe/haende/small/DSC_5604.JPG,1
T:/werth/Messe/haende/small/DSC_5607.JPG,1
T:/werth/Messe/haende/small/DSC_5608.JPG,1
T:/werth/Messe/haende/small/DSC_5609.JPG,1
T:/werth/Messe/haende/small/DSC_5610.JPG,1
T:/werth/Messe/haende/small/DSC_5616.JPG,1
T:/werth/Messe/haende/small/DSC_5617.JPG,1
T:/werth/Messe/haende/small/DSC_5618.JPG,1
T:/werth/Messe/haende/small/DSC_5622.JPG,1
T:/werth/Messe/haende/small/DSC_5623.JPG,1
T:/werth/Messe/haende/small/DSC_5624.JPG,1
T:/werth/Messe/haende/small/DSC_5625.JPG,1
T:/werth/Messe/haende/small/DSC_5626.JPG,1
T:/werth/Messe/haende/small/DSC_5627.JPG,1
T:/werth/Messe/haende/small/DSC_5628.JPG,1
T:/werth/Messe/haende/small/DSC_5632.JPG,1
T:/werth/Messe/haende/small/DSC_5633.JPG,1
T:/werth/Messe/haende/small/DSC_5634.JPG,1
T:/werth/Messe/haende/small/DSC_5639.JPG,1
T:/werth/Messe/haende/small/DSC_5640.JPG,1
T:/werth/Messe/haende/small/DSC_5641.JPG,1
T:/werth/Messe/haende/small/DSC_5642.JPG,1
T:/werth/Messe/haende/small/DSC_5647.JPG,1
T:/werth/Messe/haende/small/DSC_5648.JPG,1
T:/werth/Messe/haende/small/DSC_5649.JPG,1
T:/werth/Messe/haende/small/DSC_5650.JPG,1
T:/werth/Messe/haende/small/DSC_5651.JPG,1
T:/werth/Messe/haende/small/DSC_5652.JPG,1
T:/werth/Messe/haende/small/DSC_5656.JPG,1
T:/werth/Messe/haende/small/DSC_5657.JPG,1
T:/werth/Messe/haende/small/DSC_5658.JPG,1
T:/werth/Messe/haende/small/DSC_5660.JPG,1
T:/werth/Messe/haende/small/DSC_5661.JPG,1
T:/werth/Messe/haende/small/DSC_5664.JPG,1
T:/werth/Messe/haende/small/DSC_5665.JPG,1
T:/werth/Messe/haende/small/DSC_5666.JPG,1
T:/werth/Messe/haende/small/DSC_5670.JPG,1
T:/werth/Messe/haende/small/DSC_5671.JPG,1
T:/werth/Messe/haende/small/DSC_5672.JPG,1
T:/werth/Messe/haende/small/DSC_5676.JPG,1
T:/werth/Messe/haende/small/DSC_5677.JPG,1
T:/werth/Messe/haende/small/DSC_5678.JPG,1
T:/werth/Messe/haende/small/DSC_5682.JPG,1
T:/werth/Messe/haende/small/DSC_5683.JPG,1
T:/werth/Messe/haende/small/DSC_5684.JPG,1
T:/werth/Messe/haende/small/DSC_5692.JPG,1
T:/werth/Messe/haende/small/DSC_5693.JPG,1
T:/werth/Messe/haende/small/DSC_5694.JPG,1
T:/werth/Messe/haende/small/DSC_5695.JPG,1
T:/werth/Messe/haende/small/DSC_5700.JPG,1
T:/werth/Messe/haende/small/DSC_5701.JPG,1
T:/werth/Messe/haende/small/DSC_5702.JPG,1
T:/werth/Messe/haende/small/DSC_5703.JPG,1
T:/werth/Messe/haende/small/DSC_5704.JPG,1
T:/werth/Messe/haende/small/DSC_5705.JPG,1
T:/werth/Messe/haende/small/DSC_5709.JPG,1
T:/werth/Messe/haende/small/DSC_5710.JPG,1
T:/werth/Messe/haende/small/DSC_5711.JPG,1
T:/werth/Messe/haende/small/DSC_5712.JPG,1
T:/werth/Messe/haende/small/DSC_5717.JPG,1
T:/werth/Messe/haende/small/DSC_5718.JPG,1
T:/werth/Messe/haende/small/DSC_5719.JPG,1
T:/werth/Messe/haende/small/DSC_5720.JPG,1
T:/werth/Messe/haende/small/DSC_5724.JPG,1
T:/werth/Messe/haende/small/DSC_5725.JPG,1
T:/werth/Messe/haende/small/DSC_5726.JPG,1
T:/werth/Messe/haende/small/DSC_5733.JPG,1
T:/werth/Messe/haende/small/DSC_5734.JPG,1
T:/werth/Messe/haende/small/DSC_5735.JPG,1
T:/werth/Messe/haende/small/DSC_5736.JPG,1
T:/werth/Messe/haende/small/DSC_5737.JPG,1
T:/werth/Messe/haende/small/DSC_5738.JPG,1
T:/werth/Messe/haende/small/DSC_5739.JPG,1
T:/werth/Messe/haende/small/DSC_5740.JPG,1
T:/werth/Messe/haende/small/DSC_5746.JPG,1
T:/werth/Messe/haende/small/DSC_5747.JPG,1
T:/werth/Messe/haende/small/DSC_5748.JPG,1
T:/werth/Messe/haende/small/DSC_5749.JPG,1
T:/werth/Messe/haende/small/DSC_5750.JPG,1
T:/werth/Messe/haende/small/DSC_5751.JPG,1
T:/werth/Messe/haende/small/DSC_5752.JPG,1
T:/werth/Messe/haende/small/DSC_5753.JPG,1
T:/werth/Messe/haende/small/DSC_5754.JPG,1
T:/werth/Messe/haende/small/DSC_5755.JPG,1
T:/werth/Messe/haende/small/DSC_5756.JPG,1
T:/werth/Messe/haende/small/DSC_5757.JPG,1
T:/werth/Messe/haende/small/DSC_5758.JPG,1
T:/werth/Messe/haende/small/DSC_5766.JPG,1
T:/werth/Messe/haende/small/DSC_5767.JPG,1
T:/werth/Messe/haende/small/DSC_5768.JPG,1
T:/werth/Messe/haende/small/DSC_5769.JPG,1
T:/werth/Messe/haende/small/DSC_5770.JPG,1
T:/werth/Messe/haende/small/DSC_5771.JPG,1
T:/werth/Messe/haende/small/DSC_5772.JPG,1
T:/werth/Messe/haende/small/DSC_5773.JPG,1
T:/werth/Messe/haende/small/DSC_5774.JPG,1
T:/werth/Messe/haende/small/DSC_5775.JPG,1
T:/werth/Messe/haende/small/DSC_5776.JPG,1
T:/werth/Messe/haende/small/DSC_5785.JPG,1
T:/werth/Messe/haende/small/DSC_5786.JPG,1
T:/werth/Messe/haende/small/DSC_5787.JPG,1
T:/werth/Messe/haende/small/DSC_5788.JPG,1
T:/werth/Messe/haende/small/DSC_5789.JPG,1
T:/werth/Messe/haende/small/DSC_5800.JPG,1
T:/werth/Messe/haende/small/DSC_5801.JPG,1
T:/werth/Messe/haende/small/DSC_5802.JPG,1
T:/werth/Messe/haende/small/DSC_5803.JPG,1
T:/werth/Messe/haende/small/DSC_5804.JPG,1
T:/werth/Messe/haende/small/DSC_5807.JPG,1
T:/werth/Messe/haende/small/DSC_5808.JPG,1
T:/werth/Messe/haende/small/DSC_5813.JPG,1
T:/werth/Messe/haende/small/DSC_5814.JPG,1
T:/werth/Messe/haende/small/DSC_5815.JPG,1
T:/werth/Messe/haende/small/DSC_5816.JPG,1
T:/werth/Messe/haende/small/DSC_5821.JPG,1
T:/werth/Messe/haende/small/DSC_5822.JPG,1
T:/werth/Messe/haende/small/DSC_5823.JPG,1
T:/werth/Messe/haende/small/DSC_5824.JPG,1
T:/werth/Messe/haende/small/DSC_5825.JPG,1
T:/werth/Messe/haende/small/DSC_5828.JPG,1
T:/werth/Messe/haende/small/DSC_5829.JPG,1
T:/werth/Messe/haende/small/DSC_5830.JPG,1
T:/werth/Messe/haende/small/DSC_5831.JPG,1
T:/werth/Messe/haende/small/DSC_5837.JPG,1
T:/werth/Messe/haende/small/DSC_5838.JPG,1
T:/werth/Messe/haende/small/DSC_5839.JPG,1
T:/werth/Messe/haende/small/DSC_5840.JPG,1
T:/werth/Messe/haende/small/DSC_5845.JPG,1
T:/werth/Messe/haende/small/DSC_5846.JPG,1
T:/werth/Messe/haende/small/DSC_5847.JPG,1
T:/werth/Messe/haende/small/DSC_5848.JPG,1
T:/werth/Messe/haende/small/DSC_5849.JPG,1
T:/werth/Messe/haende/small/DSC_5850.JPG,1
T:/werth/Messe/haende/small/DSC_5851.JPG,1
T:/werth/Messe/haende/small/DSC_5852.JPG,1
T:/werth/Messe/haende/small/DSC_5853.JPG,1
T:/werth/Messe/haende/small/DSC_5854.JPG,1
T:/werth/Messe/haende/small/DSC_5855.JPG,1
T:/werth/Messe/haende/small/DSC_5869.JPG,1
T:/werth/Messe/haende/small/DSC_5870.JPG,1
T:/werth/Messe/haende/small/DSC_5871.JPG,1
T:/werth/Messe/haende/small/DSC_5872.JPG,1
T:/werth/Messe/haende/small/DSC_5592.JPG,2
T:/werth/Messe/haende/small/DSC_5593.JPG,2
T:/werth/Messe/haende/small/DSC_5594.JPG,2
T:/werth/Messe/haende/small/DSC_5597.JPG,2
T:/werth/Messe/haende/small/DSC_5599.JPG,2
T:/werth/Messe/haende/small/DSC_5600.JPG,2
T:/werth/Messe/haende/small/DSC_5601.JPG,2
T:/werth/Messe/haende/small/DSC_5602.JPG,2
T:/werth/Messe/haende/small/DSC_5603.JPG,2
T:/werth/Messe/haende/small/DSC_5605.JPG,2
T:/werth/Messe/haende/small/DSC_5606.JPG,2
T:/werth/Messe/haende/small/DSC_5611.JPG,2
T:/werth/Messe/haende/small/DSC_5612.JPG,2
T:/werth/Messe/haende/small/DSC_5613.JPG,2
T:/werth/Messe/haende/small/DSC_5614.JPG,2
T:/werth/Messe/haende/small/DSC_5615.JPG,2
T:/werth/Messe/haende/small/DSC_5619.JPG,2
T:/werth/Messe/haende/small/DSC_5620.JPG,2
T:/werth/Messe/haende/small/DSC_5621.JPG,2
T:/werth/Messe/haende/small/DSC_5629.JPG,2
T:/werth/Messe/haende/small/DSC_5630.JPG,2
T:/werth/Messe/haende/small/DSC_5631.JPG,2
T:/werth/Messe/haende/small/DSC_5635.JPG,2
T:/werth/Messe/haende/small/DSC_5636.JPG,2
T:/werth/Messe/haende/small/DSC_5637.JPG,2
T:/werth/Messe/haende/small/DSC_5638.JPG,2
T:/werth/Messe/haende/small/DSC_5643.JPG,2
T:/werth/Messe/haende/small/DSC_5644.JPG,2
T:/werth/Messe/haende/small/DSC_5645.JPG,2
T:/werth/Messe/haende/small/DSC_5646.JPG,2
T:/werth/Messe/haende/small/DSC_5653.JPG,2
T:/werth/Messe/haende/small/DSC_5654.JPG,2
T:/werth/Messe/haende/small/DSC_5655.JPG,2
T:/werth/Messe/haende/small/DSC_5659.JPG,2
T:/werth/Messe/haende/small/DSC_5662.JPG,2
T:/werth/Messe/haende/small/DSC_5663.JPG,2
T:/werth/Messe/haende/small/DSC_5667.JPG,2
T:/werth/Messe/haende/small/DSC_5668.JPG,2
T:/werth/Messe/haende/small/DSC_5669.JPG,2
T:/werth/Messe/haende/small/DSC_5673.JPG,2
T:/werth/Messe/haende/small/DSC_5674.JPG,2
T:/werth/Messe/haende/small/DSC_5675.JPG,2
T:/werth/Messe/haende/small/DSC_5679.JPG,2
T:/werth/Messe/haende/small/DSC_5680.JPG,2
T:/werth/Messe/haende/small/DSC_5681.JPG,2
T:/werth/Messe/haende/small/DSC_5685.JPG,2
T:/werth/Messe/haende/small/DSC_5686.JPG,2
T:/werth/Messe/haende/small/DSC_5687.JPG,2
T:/werth/Messe/haende/small/DSC_5688.JPG,2
T:/werth/Messe/haende/small/DSC_5689.JPG,2
T:/werth/Messe/haende/small/DSC_5690.JPG,2
T:/werth/Messe/haende/small/DSC_5691.JPG,2
T:/werth/Messe/haende/small/DSC_5696.JPG,2
T:/werth/Messe/haende/small/DSC_5697.JPG,2
T:/werth/Messe/haende/small/DSC_5698.JPG,2
T:/werth/Messe/haende/small/DSC_5699.JPG,2
T:/werth/Messe/haende/small/DSC_5706.JPG,2
T:/werth/Messe/haende/small/DSC_5707.JPG,2
T:/werth/Messe/haende/small/DSC_5708.JPG,2
T:/werth/Messe/haende/small/DSC_5713.JPG,2
T:/werth/Messe/haende/small/DSC_5714.JPG,2
T:/werth/Messe/haende/small/DSC_5715.JPG,2
T:/werth/Messe/haende/small/DSC_5716.JPG,2
T:/werth/Messe/haende/small/DSC_5721.JPG,2
T:/werth/Messe/haende/small/DSC_5722.JPG,2
T:/werth/Messe/haende/small/DSC_5723.JPG,2
T:/werth/Messe/haende/small/DSC_5727.JPG,2
T:/werth/Messe/haende/small/DSC_5728.JPG,2
T:/werth/Messe/haende/small/DSC_5729.JPG,2
T:/werth/Messe/haende/small/DSC_5730.JPG,2
T:/werth/Messe/haende/small/DSC_5731.JPG,2
T:/werth/Messe/haende/small/DSC_5732.JPG,2
T:/werth/Messe/haende/small/DSC_5741.JPG,2
T:/werth/Messe/haende/small/DSC_5742.JPG,2
T:/werth/Messe/haende/small/DSC_5743.JPG,2
T:/werth/Messe/haende/small/DSC_5744.JPG,2
T:/werth/Messe/haende/small/DSC_5745.JPG,2
T:/werth/Messe/haende/small/DSC_5759.JPG,2
T:/werth/Messe/haende/small/DSC_5760.JPG,2
T:/werth/Messe/haende/small/DSC_5761.JPG,2
T:/werth/Messe/haende/small/DSC_5762.JPG,2
T:/werth/Messe/haende/small/DSC_5763.JPG,2
T:/werth/Messe/haende/small/DSC_5764.JPG,2
T:/werth/Messe/haende/small/DSC_5765.JPG,2
T:/werth/Messe/haende/small/DSC_5777.JPG,2
T:/werth/Messe/haende/small/DSC_5778.JPG,2
T:/werth/Messe/haende/small/DSC_5779.JPG,2
T:/werth/Messe/haende/small/DSC_5780.JPG,2
T:/werth/Messe/haende/small/DSC_5781.JPG,2
T:/werth/Messe/haende/small/DSC_5782.JPG,2
T:/werth/Messe/haende/small/DSC_5783.JPG,2
T:/werth/Messe/haende/small/DSC_5784.JPG,2
T:/werth/Messe/haende/small/DSC_5790.JPG,2
T:/werth/Messe/haende/small/DSC_5791.JPG,2
T:/werth/Messe/haende/small/DSC_5792.JPG,2
T:/werth/Messe/haende/small/DSC_5793.JPG,2
T:/werth/Messe/haende/small/DSC_5794.JPG,2
T:/werth/Messe/haende/small/DSC_5795.JPG,2
T:/werth/Messe/haende/small/DSC_5796.JPG,2
T:/werth/Messe/haende/small/DSC_5797.JPG,2
T:/werth/Messe/haende/small/DSC_5798.JPG,2
T:/werth/Messe/haende/small/DSC_5799.JPG,2
T:/werth/Messe/haende/small/DSC_5805.JPG,2
T:/werth/Messe/haende/small/DSC_5806.JPG,2
T:/werth/Messe/haende/small/DSC_5809.JPG,2
T:/werth/Messe/haende/small/DSC_5810.JPG,2
T:/werth/Messe/haende/small/DSC_5811.JPG,2
T:/werth/Messe/haende/small/DSC_5812.JPG,2
T:/werth/Messe/haende/small/DSC_5817.JPG,2
T:/werth/Messe/haende/small/DSC_5818.JPG,2
T:/werth/Messe/haende/small/DSC_5819.JPG,2
T:/werth/Messe/haende/small/DSC_5820.JPG,2
T:/werth/Messe/haende/small/DSC_5826.JPG,2
T:/werth/Messe/haende/small/DSC_5827.JPG,2
T:/werth/Messe/haende/small/DSC_5832.JPG,2
T:/werth/Messe/haende/small/DSC_5833.JPG,2
T:/werth/Messe/haende/small/DSC_5834.JPG,2
T:/werth/Messe/haende/small/DSC_5835.JPG,2
T:/werth/Messe/haende/small/DSC_5836.JPG,2
T:/werth/Messe/haende/small/DSC_5841.JPG,2
T:/werth/Messe/haende/small/DSC_5842.JPG,2
T:/werth/Messe/haende/small/DSC_5843.JPG,2
T:/werth/Messe/haende/small/DSC_5844.JPG,2
T:/werth/Messe/haende/small/DSC_5849.JPG,2
T:/werth/Messe/haende/small/DSC_5850.JPG,2
T:/werth/Messe/haende/small/DSC_5852.JPG,2
T:/werth/Messe/haende/small/DSC_5853.JPG,2
T:/werth/Messe/haende/small/DSC_5856.JPG,2
T:/werth/Messe/haende/small/DSC_5856_1.JPG,2
T:/werth/Messe/haende/small/DSC_5857_1.JPG,2
T:/werth/Messe/haende/small/DSC_5858.JPG,2
T:/werth/Messe/haende/small/DSC_5858_1.JPG,2
T:/werth/Messe/haende/small/DSC_5859.JPG,2
T:/werth/Messe/haende/small/DSC_5859_1.JPG,2
T:/werth/Messe/haende/small/DSC_5860.JPG,2
T:/werth/Messe/haende/small/DSC_5860_1.JPG,2
T:/werth/Messe/haende/small/DSC_5861_1.JPG,2
T:/werth/Messe/haende/small/DSC_5862.JPG,2
T:/werth/Messe/haende/small/DSC_5862_1.JPG,2
T:/werth/Messe/haende/small/DSC_5863.JPG,2
T:/werth/Messe/haende/small/DSC_5863_1.JPG,2
T:/werth/Messe/haende/small/DSC_5864_1.JPG,2
T:/werth/Messe/haende/small/DSC_5865_1.JPG,2
T:/werth/Messe/haende/small/DSC_5866.JPG,2
T:/werth/Messe/haende/small/DSC_5866_1.JPG,2
T:/werth/Messe/haende/small/DSC_5867.JPG,2
T:/werth/Messe/haende/small/DSC_5867_1.JPG,2
T:/werth/Messe/haende/small/DSC_5868.JPG,2
T:/werth/Messe/haende/small/DSC_5868_1.JPG,2
